{
  "mbeir_oven_task8": {
    "Recall@1": 0.2514076385591208,
    "Recall@5": 0.41808561155959567,
    "Recall@10": 0.4852452343802998,
    "Recall@20": 0.5533545892408928
  }
}