{
  "Avg_Recall@1": 0.2514076385591208,
  "Avg_Recall@5": 0.41808561155959567,
  "Avg_Recall@10": 0.4852452343802998,
  "Avg_Recall@20": 0.5533545892408928
}